model,accuracy,macro_f1,weighted_f1
hist_gradient_boosting,0.44,0.3429782082324455,0.40589951573849875
random_forest,0.42,0.2874054142553086,0.3740196894953766
logistic_regression,0.51,0.2251655629139073,0.34450331125827816
